<?xml version="1.0" encoding="UTF-8"?>
<tvschedule xmlns="http://www.w3schools.com" xmlns:xsi="http://www.w3.org/2001/XMLSchema-instance"
xsi:schemaLocation="tvschedule.xsd" name="myschedule" >

<channel chan="33">
	<banner>KBS</banner>
	<day>
		<date>2017.01.01</date>
		<slot>
			<holiday>New year</holiday>
		</slot>
	</day>
</channel>

<channel chan="17">
	<banner>KBS</banner>
	<day>
		<date>2017.03.01</date>
		<slot>
			<programslot>
				<time>09:00</time>
				<title rating="all" language="kor">3.1절 기념 방송</title>
				<description>일동 묵념</description>
			</programslot>
		</slot>
	</day>
	<day>
		<date>2017.05.05</date>
		<slot>
			<programslot>
				<time>11:00</time>
				<title rating="7" language="kor">뽀로로 3화</title>
			</programslot>
		</slot>
	</day>
</channel>

</tvschedule>